var1,var2,var3,var4,var5
12.89,13.12,81.89,515.9,0.06955
13.4,20.52,88.64,556.7,0.1106
12.96,18.29,84.18,525.2,0.07351
17.75,28.03,117.3,981.6,0.09997
20.58,22.14,134.7,1290.0,0.0909
15.28,22.41,98.92,710.6,0.09057
13.78,15.79,88.37,585.9,0.08817
15.1,22.02,97.26,712.8,0.09056
12.34,14.95,78.29,469.1,0.08682
