var1,var2,var3,var4,var5
12.47,18.6,81.09,481.9,0.09965
18.94,21.31,123.6,1130.0,0.09009
15.46,19.48,101.7,748.9,0.1092
12.4,17.68,81.47,467.8,0.1054
11.54,14.44,74.65,402.9,0.09984
20.6,29.33,140.1,1265.0,0.1178
22.01,21.9,147.2,1482.0,0.1063
17.57,15.05,115.0,955.1,0.09847
13.34,15.86,86.49,520.0,0.1078
