y_true,y_pred
109.934283,113.175123
97.234714,93.383891
112.953771,106.184551
130.460597,136.57736
95.316933,105.626928
