y_true,y_pred
109.934283,113.175123
97.234714,93.383891
112.953771,106.184551
130.460597,136.57736
95.316933,105.626928
95.317261,104.630062
131.584256,123.192081
115.348695,112.256571
90.610512,93.923147
110.851201,120.606652
